Internship/Company Name (Conglomerates),Industry,"Hi there! Thank you for visiting my Undergraduate Internships Spreadsheet :) If you found it helpful please give me a follow on TikTok -> https://www.tiktok.com/@adrientech You can also send me a thank you message on IG @adrientechie. If you want to join the career/tech community, click here -> https://discord.gg/AGbt8VM8rB",Top Business Internships,Industry/Field,,Startups,Industry
Internships - Jobs - Careers at Apple,Tech,,Student Programs - Goldman Sachs,Finance,,Nuro AI Internships,Tech
Students and graduates - Microsoft Careers,Tech,,"Jobs, Student Programs & Internships | JPMorgan Chase & Co.",Finance,,Quantcast Internship,Tech
Students - Google Careers,Tech,,Morgan Stanley Internships,Finance,,Rippling Internships,Tech
Internships for students | Amazon.jobs,Tech,,Dow Jones Internships Jobs,Finance,,Kensho Internships,Tech
Internships | Tesla,Tech,,Students | Careers | McKinsey & Company,Consulting,,Early Career - Twitch,Tech
Students and Graduates | Meta Careers,Tech,,Associate Consultant Intern - Bain & Company,Consulting,,Waymo Internships,Tech
Internships | LinkedIn Student Careers,Tech,,Internship Opportunities | Boston Consulting Group Careers,Consulting,,University Recruiting at Benchling,Tech
Opportunities for Students and New Grads - Stripe,Tech,,Internships with Deloitte - Deloitte US Careers,Consulting,,University Programs | Riot Games,Tech
Early Careers at Pinterest - Internship/University Grad,Tech,,Internships | EY - US,Consulting,,Gusto Internships,Tech
Students & Grads - ByteDance Career,Tech,,Student Internship Opportunities | Accenture,Consulting,,Aurora Tech Internships,Tech
Roblox Internships,Tech,,Oliver Wyman Internships,Consulting,,Braze Internships,Tech
NVIDIA,Tech,,University Talent - Booz Allen Hamilton,Consulting,,Addepar Internships,Tech
Internships - SpaceX,Tech,,Internships | L.E.K. Consulting,Consulting,,Interns & New Grads | Illumio,Tech
Tencent Internships,Tech,,Career Starter | Roland Berger,Consulting,,Career - InnoPeak Technology,Tech
Samsung Careers — Internships | Samsung US,Tech,,Clearview Healthcare Partners,Consulting,,Tanium Internships,Tech
Students and New Graduates - Cisco,Tech,,The Keystone group,Consulting,,Zoox Internships,Tech
Explore internships at Adobe - Careers,Tech,,Internships - Nike Careers,Mfg,,Instabase Internships,Tech
Student and Graduate Programs | North America - Oracle,Tech,,Internships - PwC,Consulting,,Student & New Graduate Jobs,Tech
Summer Internship - Salesforce.com,Tech,,Bloomberg internships,Finance,,Niantic Internships,Tech
Internship Opportunities - Jobs Intel,Tech,,Early Career Programs - Careers | BlackRock,Finance,,Gem Internships,Tech
Qualcomm Internships,Tech,,KPMG Campus: KPMG Internship,Consulting,,Plaid Internships,Tech
Netflix Internships,Tech,,Bank of America® - Internship Programs,Finance,,Path AI Internships,Tech
Intuit®: Careers | Internships,Tech,,Internship Programme - Deutsche Bank Careers,Finance,,Internship - Bungie Careers,Tech
SAP Internships for University & College Students,Tech,,American Express Student Internships,Finance,,Pocket Gems Intern,Tech
Internships & Co-op Opportunities - Jobs at AMD,Tech,,Early Career | The Coca-Cola Company,Mfg,,Anduril Internships,Tech
Internships | Careers at Sony,Tech,,Students & Graduates - Citi Careers,Finance,,University Recruiting at Databricks,Tech
Undergraduate Internships | PayPal Jobs,Tech,,Students - Blackstone,Finance,,Figma Internships,Tech
IBM Careers - Entry-level/Intern - United States,Tech,,Evercore Internships,Finance,,Klaviyo Internships,Tech
Shopify Internship Program Page – Intern Microsite,Tech,,Centerview Partners Internships,Finance,,Patreon Internships,Tech
University - Careers at Airbnb,Tech,,Students - Lazard.com,Finance,,Remitly Internships,Tech
University Recruiting | Snowflake Careers,Tech,,Moelis & Co. Internships,Finance,,Spatial io Internships,Tech
Opportunities for Interns & New Graduates at ADP,Tech,,PJT Partners Internships,Finance,,Tinder Internships,Tech
Students | Atlassian,Tech,,Intern & Graduate Recruitment | Perella Weinberg Partners,Finance,,Verkada Internships,Tech
University | Uber Careers,Tech,,Internship Programmes - Barclays Careers,Finance,,Wepay Internships,Tech
FIS University Program and Internships,Tech,,Internship Campus Opportunities - Guggenheim Partners,Finance,,For Summer Interns | Flatiron Health,Tech
Students & Recent Grads - Fiserv,Tech,,Internships – Credit Suisse,Finance,,Internships | Cockroach Labs,Tech
University Programs - Snap Inc. Careers,Tech,,Summer Analyst | Jefferies,Finance,,Momentive Ai (Surveymonkey) Internships,Tech
Activision Internship Program,Tech,,Internships - Rothschild & Co,Finance,,Rivian Internships,Tech
University Recruiting - Workday,Tech,,Summer Internship Program | University students | UBS Global,Finance,,Seatgeek Internships,Tech
Nintendo internships,Tech,,Internships for Students - Houlihan Lokey,Finance,,Wealthsimple Internships,Tech
Internships - VMware Careers,Tech,,Campus Recruiting | William Blair,Finance,,Chime internships,Tech
Early Career & Internships | Datadog,Tech,,Students & Graduates - Jobs at RBC,Finance,,Calm Internships,Tech
Coinbase Internships,Tech,,Piper Sandler internships,Finance,,,
Internships | Palo Alto Networks,Tech,,Internships and Development Programs - Wells Fargo,Finance,,,
Jobs for Students | Autodesk,Tech,,Graduates and Interns | Careers | Macquarie Group,Finance,,,
Internships - Dell Careers,Tech,,Interns & Graduates | Cowen,Finance,,,
Zoom Internships,Tech,,Interns - BMO Careers,Finance,,,
Internship & University Programs | CrowdStrike,Tech,,Summer Internship Program | Oppenheimer & Co. Inc.,Finance,,,
Students and Graduates - HP Careers,Tech,,Students & Graduates - Careers - Solomon Partners,Finance,,,
Student Careers at EA - Internship Opportunities,Tech,,Tudor Pickering Holt & Co,Finance,,,
interns jobs at The Trade Desk,Tech,,Internships | Raymond James,Finance,,,
Students & Recent Grads - eBay Inc. Careers,Tech,,Harris Williams Internships,Finance,,,
Twilio Internships,Tech,,Student Opportunities - ATS - BNPP US,Finance,,,
Cloudfare Internships,Tech,,Student opportunities | HSBC Holdings plc,Finance,,,
DoorDash Internships,Tech,,Baird Internships,Finance,,,
University - Unity Careers,Tech,,Students - BNY Mellon,Finance,,,
Students | Life at Spotify,Tech,,Student Opportunities - ATS: Login : Nomura Global Campus,Finance,,,
Expedia Internships,Tech,,Students & Graduates - Jobs at RBC,Finance,,,
Intern at Okta,Tech,,"Internships, trainee programs - Société Générale",Finance,,,
Twitter Internships,Tech,,Campus Programs | SIG,Finance,,,
Student Opportunities | MongoDB,Tech,,Summer Internship Opportunities - TD Bank,Finance,,,
Palantir Careers | Students,Tech,,Campus Careers & Entry Level Opportunities - Stifel Institutional,Finance,,,
Student Internships & Co-ops - HubSpot Careers,Tech,,Internships | Vanguard Careers,Finance,,,
Docusign Internships,Tech,,Students | Fidelity Internships & Entry-Level Jobs,Finance,,,
Students | Roku Jobs,Tech,,Internships and Development Programs jobs at State Street,Finance,,,
Student Programs & Opportunities | Chewy Inc Careers,Tech,,Internships - Allianz Worldwide Partners,Finance,,,
internships - Careers - Paycom,Tech,,Internships | PIMCO,Finance,,,
NetApp Internships,Tech,,Summer Internships | Prudential Careers,Finance,,,
Early Talent | Careers | Splunk,Tech,,Edward Jones Internships,Finance,,,
Students - Etsy Careers,Tech,,Internships US | T.Rowe Price,Finance,,,
LG Internships,Tech,,KKR & Co. Internships,PE,,,
Students - Qualtrics,Tech,,The Carlyle Group,PE,,,
Wayfair Careers | Students,Tech,,Thoma Bravo,PE,,,
University Programs at Zendesk,Tech,,EQT Group,PE,,,
University - Zillow,Tech,,Vista Equity Partners,PE,,,
Lyft Careers - University Programs,Tech,,Vista Frontier Fellows Program,PE,,,
University - Careers @ GoDaddy,Tech,,Warburg Pincus,PE,,,
Internships - Jobs at Lenovo,Tech,,Neuberger Berman,PE,,,
University Recruiting - Citrix Careers,Tech,,Internships and Other Opportunities for Students | Colgate,Mfg,,,
Interns jobs at HashiCorp,Tech,,The Ford Foundation internship program,Mfg,,,
Asana early career jobs & internships,Tech,,Internship Programs at GE,Mfg,,,
Robinhood Internships,Tech,,GM Internships,Mfg,,,
Early Career Programs | Samsara,Tech,,Internship Opportunities - Careers.jnj.com,Med,,,
University & Entry Level Jobs | Lumen Careers,Tech,,Students: Jumpstart Your Career - The Kroger Co.,Retail,,,
Hellofresh Internship,Tech,,New Grads and Interns at L3Harris Technologies,Defense,,,
Student Programs - AICS,Tech,,Internship Experience Program | Mars Jobs,Mfg,,,
Dropbox Internships & Emerging Talent,Tech,,Intern Opportunities at Medtronic,Med,,,
Digital Ocean Internships,Tech,,Internship Opportunities - Careers | Restaurant Brands,Food service,,,
Early Career Recruiting - Squarespace,Tech,,BLP-Internship - Synchrony Campus,Finance,,,
Early Career Opportunities | job opportunities at Box,Tech,,Interns & Recent Grads - Careers - The Clorox Company,Mfg,,,
Vimeo Internships,Tech,,Internships - Unilever careers,Mfg,,,
Internships - Reddit,Tech,,Disney Professional Internship Opportunities | Careers at Disney,Entertainment,,,
University Recruiting - Cruise,Tech,,University Recruiting | Visa,Finance,,,
InstaCart Internships,Tech,,Students & Early Careers at Nestlé,Mfg,,,
Miro Internships,Tech,,Internships | AbInBev,Drink,,,
6Sense Internships,Tech,,Internships - Lincoln Financial Jobs,Finance,,,
Internships | Accolade,Tech,,Hudson River Trading Internship,Finance,,,
Akamai Technologies Internships,Tech,,Internships - Jane Street,Finance,,,
Students and New Graduates - Garmin Careers,Tech,,"Trading, Tech and Research internship | Optiver",Finance,,,
interns - Duolingo Careers,Tech,,Five Rings Internships,Finance,,,
,,,Akuna Capital Internships,Finance,,,
,,,Citadel Internships,Finance,,,
,,,Find Your Internship - The DE Shaw Group,Finance,,,
,,,Jump Trading Internships,Finance,,,
,,,Schonfeld Internships,Finance,,,
,,,Interns | DRW,Finance,,,
,,,Internships - Two Sigma,Finance,,,
,,,Graduate Jobs & Internships | Campus | General Mills Careers,Food,,,
,,,Students - PepsiCo Careers,Drink,,,
,,,Internships - Lockheed Martin,Defense,,,
,,,Internships - Careers at Boeing,Defense,,,
,,,NASA Intern,Space,,,
,,,Raytheon Technologies,Defense,,,
,,,StoneX Internships,Finance,,,
,,,Internships at Northrop Grumman,Defense,,,
,,,Students & Recent Grads - Careers | Honeywell,Defense,,,
,,,"Early Careers | Mondelēz International, Inc.",Food,,,
,,,USA Intern Program - Kraft Heinz Careers,Food,,,
,,,Student careers opportunities at Cognizant,Consulting,,,
,,,Mastercard Summer Internship Program for Students,Finance,,,
,,,Internships – The Estée Lauder Companies Inc.,Retail,,,
,,,Students & Graduates | - Kellogg Careers,Food,,,
,,,Internships | Schwab Jobs,Finance,,,
,,,Interns jobs at Hershey,Food,,,
,,,Internships | ULTA Beauty Careers,Retail,,,
,,,Internship Programs | MGM Resorts International Careers,Entertainment,,,
,,,Apollo Global Management,Finance,,,
,,,Ares Management,PE,,,